Date,Company,Quantity,Amount,Type
01 February 2021,Gamu Company,100,2000,Non-Ferrous
12 February 2021,Test Futi,4000,17000,Ferrous
17 February 2021,FMP,300,10000,Non-Ferrous
03 February 2021,FMP,2000,7000,Ferrous
19 February 2021,Gamu Company,56,1000,Non-Ferrous
24 February 2021,Masenda Ltd,500,6000,Non-Ferrous
26 February 2021,Casual Sale : Cu Mix,9,720,Non-Ferrous
26 February 2021,Casual Sale : Cu Mix,4,320,Non-Ferrous
28 February 2021,Casual Sale : UBC,50,450,Non-Ferrous
28 February 2021,Casual Sale : Cu SB,100,8400,Non-Ferrous
28 February 2021,Casual Sale : ABS,20,20,Non-Ferrous
