Date,Company,Quantity,Amount,Type
22 January 2021,Green Enviro SA Recycling,78,90,Ferrous
25 January 2021,Green Enviro SA Recycling,800,2000,Ferrous
22 January 2021,Green Enviro SA Recycling,876,7000,Non-Ferrous
22 January 2021,AJEEK Trading,100,6000,Ferrous
28 January 2021,Cheese,9,7,Non-Ferrous
28 January 2021,FMP,300,6000,Ferrous
28 January 2021,New,12,12,Non-Ferrous
28 January 2021,Test,12,12,Ferrous
28 January 2021,Test Again,12,133,Ferrous
28 January 2021,adfghhasdfgh,12,12,Ferrous
28 January 2021,Test Again,12,12,Non-Ferrous
28 January 2021,Test Futi,12,1222,Ferrous
28 January 2021,uytresadfghjkl,12,23400,Non-Ferrous
29 January 2021,Test Futi,1000,100000,Non-Ferrous
