Date,Item,Type,Quantity
01 February 2021,Cu SB,Non-Ferrous,12
02 February 2021,Cu SB,Non-Ferrous,12
03 February 2021,Cu SB,Non-Ferrous,12
07 February 2021,Cu Mix,Non-Ferrous,100
07 February 2021,Cu Mix,Non-Ferrous,30
07 February 2021,Cu Mix,Non-Ferrous,12
07 February 2021,Cu Mix,Non-Ferrous,100
07 February 2021,Cu Mix,Non-Ferrous,100
07 February 2021,Cu Mix,Non-Ferrous,100
07 February 2021,Cu Mix,Non-Ferrous,100
07 February 2021,Cu Mix,Non-Ferrous,100
07 February 2021,Cu Mix,Non-Ferrous,100
07 February 2021,Cu Mix,Non-Ferrous,-12
07 February 2021,Cu Mix,Non-Ferrous,-300
07 February 2021,Cu Mix,Non-Ferrous,-100
07 February 2021,Cu Mix,Non-Ferrous,50
07 February 2021,Cu Mix,Non-Ferrous,12
07 February 2021,Brass Shv,Non-Ferrous,40
12 February 2021,ABS,Non-Ferrous,5
12 February 2021,Cu SB,Non-Ferrous,3
12 February 2021,A Grade,Ferrous,1000
12 February 2021,Cu Mix,Non-Ferrous,50
12 February 2021,Cu SB,Non-Ferrous,70
17 February 2021,Cu Mix,Non-Ferrous,-100
17 February 2021,Cu SB,Non-Ferrous,-50
17 February 2021,Cu Mix,Non-Ferrous,-342
20 February 2021,Cu SB,Non-Ferrous,20
20 February 2021,Cu Pyro,Non-Ferrous,8
24 February 2021,Cu Mix,Non-Ferrous,20
24 February 2021,AI O/R,Non-Ferrous,50
26 February 2021,Cu Mix,Non-Ferrous,9
26 February 2021,Cu Mix,Non-Ferrous,9
26 February 2021,Cu Mix,Non-Ferrous,4
27 February 2021,PVC,Non-Ferrous,30
27 February 2021,Cu SB,Non-Ferrous,30
27 February 2021,Cu SB,Non-Ferrous,50
27 February 2021,A Grade,Ferrous,1000
27 February 2021,PVC,Non-Ferrous,70
27 February 2021,AI Cast,Non-Ferrous,5
28 February 2021,Cu Mix,Non-Ferrous,5
28 February 2021,General,Ferrous,10
28 February 2021,AI Cast,Non-Ferrous,50
28 February 2021,PVC,Non-Ferrous,27
28 February 2021,Sub Grade,Ferrous,124
28 February 2021,AI O/R,Non-Ferrous,5
28 February 2021,Brass Hvy,Non-Ferrous,45
28 February 2021,Sub Grade,Ferrous,5
28 February 2021,PVC,Non-Ferrous,1
28 February 2021,Cu Rads,Non-Ferrous,8
28 February 2021,Brass Hvy,Non-Ferrous,4.5
28 February 2021,Sub Grade,Ferrous,5
28 February 2021,A Grade,Ferrous,25
28 February 2021,Brass Hvy,Non-Ferrous,3
28 February 2021,Steel Can,Ferrous,8
28 February 2021,Cu SB,Non-Ferrous,3
28 February 2021,Cu Rads,Non-Ferrous,6
28 February 2021,General,Ferrous,6
28 February 2021,Cu 1A,Non-Ferrous,6
28 February 2021,Cu Rads,Non-Ferrous,9
28 February 2021,AI Ext,Non-Ferrous,9.1
28 February 2021,Cu SB,Non-Ferrous,6
28 February 2021,ABS,Non-Ferrous,6
28 February 2021,Cu Pyro,Non-Ferrous,3.5
28 February 2021,Cu SB,Non-Ferrous,50
28 February 2021,AI Cast,Non-Ferrous,300
28 February 2021,AI Ext,Non-Ferrous,360
28 February 2021,UBC,Non-Ferrous,50
28 February 2021,Cu SB,Non-Ferrous,100
28 February 2021,ABS,Non-Ferrous,1
28 February 2021,Cu Mix,Non-Ferrous,100
28 February 2021,UBC,Non-Ferrous,100
28 February 2021,Cu Mix,Non-Ferrous,300
28 February 2021,ABS,Non-Ferrous,-20
28 February 2021,Cu Rads,Non-Ferrous,-5
