Date,Item,Type,Quantity
01 February 2021,Cu SB,Non-Ferrous,12
02 February 2021,Cu SB,Non-Ferrous,12
03 February 2021,Cu SB,Non-Ferrous,12
07 February 2021,Cu Mix,Non-Ferrous,100
07 February 2021,Cu Mix,Non-Ferrous,30
07 February 2021,Cu Mix,Non-Ferrous,12
07 February 2021,Cu Mix,Non-Ferrous,100
07 February 2021,Cu Mix,Non-Ferrous,100
07 February 2021,Cu Mix,Non-Ferrous,100
07 February 2021,Cu Mix,Non-Ferrous,100
07 February 2021,Cu Mix,Non-Ferrous,100
07 February 2021,Cu Mix,Non-Ferrous,100
07 February 2021,Cu Mix,Non-Ferrous,-12
07 February 2021,Cu Mix,Non-Ferrous,-300
07 February 2021,Cu Mix,Non-Ferrous,-100
07 February 2021,Cu Mix,Non-Ferrous,50
07 February 2021,Cu Mix,Non-Ferrous,12
07 February 2021,Brass Shv,Non-Ferrous,40
12 February 2021,ABS,Non-Ferrous,5
12 February 2021,Cu SB,Non-Ferrous,3
12 February 2021,A Grade,Ferrous,1000
12 February 2021,Cu Mix,Non-Ferrous,50
12 February 2021,Cu SB,Non-Ferrous,70
17 February 2021,Cu Mix,Non-Ferrous,-100
17 February 2021,Cu SB,Non-Ferrous,-50
17 February 2021,Cu Mix,Non-Ferrous,-342
20 February 2021,Cu SB,Non-Ferrous,20
20 February 2021,Cu Pyro,Non-Ferrous,8
24 February 2021,Cu Mix,Non-Ferrous,20
24 February 2021,AI O/R,Non-Ferrous,50
