Date,Item,Type,Quantity
01 February 2021,Cu SB,Non-Ferrous,12
02 February 2021,Cu SB,Non-Ferrous,12
03 February 2021,Cu SB,Non-Ferrous,12
07 February 2021,Cu Mix,Non-Ferrous,100
07 February 2021,Cu Mix,Non-Ferrous,30
07 February 2021,Cu Mix,Non-Ferrous,12
07 February 2021,Cu Mix,Non-Ferrous,100
07 February 2021,Cu Mix,Non-Ferrous,100
07 February 2021,Cu Mix,Non-Ferrous,100
07 February 2021,Cu Mix,Non-Ferrous,100
07 February 2021,Cu Mix,Non-Ferrous,100
07 February 2021,Cu Mix,Non-Ferrous,100
07 February 2021,Cu Mix,Non-Ferrous,-12
07 February 2021,Cu Mix,Non-Ferrous,-300
07 February 2021,Cu Mix,Non-Ferrous,-100
07 February 2021,Cu Mix,Non-Ferrous,50
07 February 2021,Cu Mix,Non-Ferrous,12
07 February 2021,Brass Shv,Non-Ferrous,40
