Date,Item,Type,Quantity
01 March 2021,A Grade,Ferrous,5
01 March 2021,PCB-C,Non-Ferrous,2
01 March 2021,Sub G,Ferrous,3.5
01 March 2021,PCB-L,Non-Ferrous,2
01 March 2021,O/R,Non-Ferrous,0.5
01 March 2021,Cu Mix,Non-Ferrous,0.5
01 March 2021,Brass-H,Non-Ferrous,0.3
01 March 2021,O/R,Non-Ferrous,0.5
01 March 2021,UBC,Non-Ferrous,-232.5
01 March 2021,Brass-H,Non-Ferrous,-44
01 March 2021,Cu Brz,Non-Ferrous,-12
01 March 2021,Cu Mix,Non-Ferrous,-68.5
01 March 2021,Cu 1A,Non-Ferrous,-6
01 March 2021,Cu SB,Non-Ferrous,-5.5
01 March 2021,Cast,Non-Ferrous,-7.5
01 March 2021,SS 304,Non-Ferrous,-5
01 March 2021,O/R,Non-Ferrous,-59
01 March 2021,Extru,Non-Ferrous,-1.5
01 March 2021,O/R,Non-Ferrous,8.5
01 March 2021,Sub G,Ferrous,7.5
01 March 2021,A Grade,Ferrous,3.5
01 March 2021,Cu Mix,Non-Ferrous,2.2
01 March 2021,A Grade,Ferrous,3
01 March 2021,A Grade,Ferrous,79
01 March 2021,UBC,Non-Ferrous,9.5
01 March 2021,UBC,Non-Ferrous,4.5
01 March 2021,PVC,Non-Ferrous,8
01 March 2021,Cu SB,Non-Ferrous,0.5
01 March 2021,Cu Mix,Non-Ferrous,0.1
01 March 2021,A Grade,Ferrous,10.5
01 March 2021,A Grade,Ferrous,-9
01 March 2021,General,Ferrous,61
01 March 2021,Cu 1A,Non-Ferrous,0.3
01 March 2021,Cu Brz,Non-Ferrous,0.4
01 March 2021,Lead Mxd,Non-Ferrous,1.5
01 March 2021,Btry,Non-Ferrous,2
01 March 2021,Cu Mix,Non-Ferrous,0.2
01 March 2021,O/R,Non-Ferrous,5.2
01 March 2021,A Grade,Ferrous,91.7
01 March 2021,Sub G,Ferrous,20.2
01 March 2021,A Grade,Ferrous,237
01 March 2021,Steel Can,Ferrous,9
01 March 2021,A Grade,Ferrous,3
01 March 2021,UBC,Non-Ferrous,2
01 March 2021,O/R,Non-Ferrous,0.5
01 March 2021,Brass-H,Non-Ferrous,0.6
01 March 2021,A Grade,Ferrous,14.5
01 March 2021,Brass-H,Non-Ferrous,4
01 March 2021,Unclean,Non-Ferrous,9
01 March 2021,Sub G,Ferrous,2.5
01 March 2021,SS Elem,Non-Ferrous,0.7
01 March 2021,Cu Mix,Non-Ferrous,0.3
01 March 2021,O/R,Non-Ferrous,0.5
01 March 2021,A Grade,Ferrous,4.5
01 March 2021,O/R,Non-Ferrous,0.2
01 March 2021,O/R,Non-Ferrous,1
01 March 2021,Sub G,Ferrous,0.5
01 March 2021,Cu Mix,Non-Ferrous,1.5
01 March 2021,Brass-H,Non-Ferrous,1
01 March 2021,Cu Mix,Non-Ferrous,1.5
01 March 2021,O/R,Non-Ferrous,4
01 March 2021,UBC,Non-Ferrous,1.5
01 March 2021,Brass-H,Non-Ferrous,0.3
01 March 2021,A Grade,Ferrous,7.5
01 March 2021,PCB-C,Non-Ferrous,1
01 March 2021,Sub G,Ferrous,3.5
01 March 2021,Cu Brz,Non-Ferrous,0.4
01 March 2021,A Grade,Ferrous,28.5
01 March 2021,O/R,Non-Ferrous,3
01 March 2021,A Grade,Ferrous,4
01 March 2021,Cu Brz,Non-Ferrous,0.5
01 March 2021,O/R,Non-Ferrous,1
01 March 2021,O/R,Non-Ferrous,3
01 March 2021,PVC,Non-Ferrous,43.5
01 March 2021,Sub G,Ferrous,160
01 March 2021,A Grade,Ferrous,7
01 March 2021,A Grade,Ferrous,4.5
01 March 2021,Cu Brz,Non-Ferrous,0.3
01 March 2021,UBC,Non-Ferrous,0.5
01 March 2021,Sub G,Ferrous,1
01 March 2021,Brass-H,Non-Ferrous,0.4
01 March 2021,Steel Can,Ferrous,3.5
01 March 2021,O/R,Non-Ferrous,0.5
01 March 2021,SS 304,Non-Ferrous,0.5
01 March 2021,Brass-H,Non-Ferrous,0.1
01 March 2021,Cu SB,Non-Ferrous,0.1
01 March 2021,A Grade,Ferrous,11
01 March 2021,Brass-H,Non-Ferrous,2.5
01 March 2021,Cu Mix,Non-Ferrous,1.7
01 March 2021,A Grade,Ferrous,11
01 March 2021,UBC,Non-Ferrous,0.5
01 March 2021,Sub G,Ferrous,9
01 March 2021,O/R,Non-Ferrous,1.5
01 March 2021,Cu Brz,Non-Ferrous,0.5
01 March 2021,Sub G,Ferrous,6
01 March 2021,A Grade,Ferrous,1.5
01 March 2021,O/R,Non-Ferrous,0.2
01 March 2021,Cu Mix,Non-Ferrous,0.2
01 March 2021,Brass-H,Non-Ferrous,0.1
