Date,Name,Surname,ID,No.,Item,Quantity,Price,Amount,Type
01 February 2021,,,,,Cu Mix,9,82.1,738.9,Non-Ferrous
01 February 2021,,,,,Cu Mix,6,82.1,492.6,Non-Ferrous
01 February 2021,,,,,Cu Mix,1,82.1,82.1,Non-Ferrous
01 February 2021,,,,,Cu Mix,1,82.1,82.1,Non-Ferrous
01 February 2021,,,,,Cu Mix,1,82.1,82.1,Non-Ferrous
01 February 2021,,,,,Cu Mix,1,82.1,82.1,Non-Ferrous
01 February 2021,,,,,Cu Mix,1,82.1,82.1,Non-Ferrous
01 February 2021,,,,,Cu Mix,1,82.1,82.1,Non-Ferrous
01 February 2021,,,,,Cu Mix,1,82.1,82.1,Non-Ferrous
01 February 2021,,,,,Sub Grade,1,1.2,1.2,Ferrous
01 February 2021,,,,,Cu Mix,4,82.1,328.4,Non-Ferrous
01 February 2021,,,,,Cu Mix,1,82.1,82.1,Non-Ferrous
01 February 2021,,,,,Brzy,4,50.1,200.4,Non-Ferrous
01 February 2021,,,,,Brzy,2,50.1,100.2,Non-Ferrous
01 February 2021,,,,,Mix,3,101,303,Non-Ferrous
01 February 2021,,,,,Cu Mix,6,82.1,492.6,Non-Ferrous
01 February 2021,,,,,Sub Grade,8,1.2,9.6,Ferrous
01 February 2021,,,,,Cu Mix,1,82.1,82.1,Non-Ferrous
01 February 2021,,,,,Cu Mix,2,82.1,164.2,Non-Ferrous
01 February 2021,,,,,Cu Mix,1,82.1,82.1,Non-Ferrous
01 February 2021,,,,,Cu Mix,1,82.1,82.1,Non-Ferrous
01 February 2021,,,,,Cu Mix,1,82.1,82.1,Non-Ferrous
01 February 2021,,,,,Cu Mix,1,82.1,82.1,Non-Ferrous
01 February 2021,,,,,Cu Mix,2,82.1,164.2,Non-Ferrous
01 February 2021,,,,,Cu Mix,1,82.1,82.1,Non-Ferrous
01 February 2021,,,,,Cu Mix,1,82.1,82.1,Non-Ferrous
01 February 2021,,,,,Cu Mix,1,82.1,82.1,Non-Ferrous
01 February 2021,,,,,Cu Mix,1,82.1,82.1,Non-Ferrous
01 February 2021,,,,,General,1,1,1,Ferrous
01 February 2021,,,,,Sub Grade,1,1.2,1.2,Ferrous
01 February 2021,,,,,Cu Mix,2,82.1,164.2,Non-Ferrous
01 February 2021,,,,,Brzy,2,50.1,100.2,Non-Ferrous
01 February 2021,,,,,Cu Mix,2,82.1,164.2,Non-Ferrous
01 February 2021,,,,,Cu Mix,2,82.1,164.2,Non-Ferrous
01 February 2021,,,,,Sub Grade,1,1.2,1.2,Ferrous
01 February 2021,,,,,Brzy,1,50.1,50.1,Non-Ferrous
01 February 2021,,,,,Cu Mix,1,82.1,82.1,Non-Ferrous
01 February 2021,,,,,Mix,1,101,101,Non-Ferrous
01 February 2021,,,,,Sub Grade,1,1.2,1.2,Ferrous
01 February 2021,,,,,Mix,1,101,101,Non-Ferrous
01 February 2021,,,,,Mix,1,101,101,Non-Ferrous
01 February 2021,Dhumisani,Durura,1234567890123456,2,Cu Mix,6,82.1,492.6,Non-Ferrous
01 February 2021,Dhumisani,Durura,1234567890123456,2,Mix,8,101,808,Non-Ferrous
01 February 2021,Dhumisani,Durura,1234567890123456,2,Mix,100,101,10100,Non-Ferrous
01 February 2021,,,,,Cu Mix,4,82.1,328.4,Non-Ferrous
01 February 2021,,,,,Sub Grade,6,1.2,7.2,Ferrous
01 February 2021,,,,,Cu Mix,3,82.1,246.3,Non-Ferrous
01 February 2021,,,,,Cu Mix,6,82.1,492.6,Non-Ferrous
01 February 2021,,,,,Cu Mix,3,82.1,246.3,Non-Ferrous
01 February 2021,,,,,Cu Mix,7,80,560,Non-Ferrous
01 February 2021,,,,,ABS,1,1,1,Non-Ferrous
01 February 2021,Gamu,Makaza,89034903094,7,General,100,2.2,220,Ferrous
01 February 2021,Gamu,Makaza,89034903094,7,UBC,100,9,900,Non-Ferrous
06 February 2021,Gamu,Makaza,89034903094,7,UBC,12,9,108,Non-Ferrous
06 February 2021,Street,Kids,12334242346752314,5,Cu SB,12,84,1008,Non-Ferrous
07 February 2021,Gamu,Makaza,89034903094,7,Steel Can,54,0.9,48.6,Ferrous
07 February 2021,Gamu,Makaza,89034903094,7,Cu Mix,100,80,8000,Non-Ferrous
07 February 2021,Gerad,Mupfumisi,1098765432110923,4,Cu Mix,30,80,2400,Non-Ferrous
07 February 2021,,,,,Cu Mix,12,80,960,Non-Ferrous
07 February 2021,,,,,Cu Mix,100,80,8000,Non-Ferrous
07 February 2021,,,,,Cu Mix,100,80,8000,Non-Ferrous
07 February 2021,,,,,Cu Mix,100,80,8000,Non-Ferrous
07 February 2021,,,,,Cu Mix,100,80,8000,Non-Ferrous
07 February 2021,,,,,Cu Mix,100,80,8000,Non-Ferrous
07 February 2021,,,,,Cu Mix,100,80,8000,Non-Ferrous
07 February 2021,,,,,Cu Mix,12,80,960,Non-Ferrous
07 February 2021,,,,,Cu Mix,300,80,24000,Non-Ferrous
07 February 2021,Gamu,Makaza,89034903094,7,Cu Mix,50,80,4000,Non-Ferrous
07 February 2021,Gamu,Makaza,89034903094,7,Cu Mix,12,80,960,Non-Ferrous
07 February 2021,Gamu,Makaza,89034903094,7,Brass Shv,40,30,1200,Non-Ferrous
12 February 2021,Dhumisani,Durura,1234567890123456,2,ABS,5,1,5,Non-Ferrous
12 February 2021,Dhumisani,Durura,1234567890123456,2,Cu SB,3,84,252,Non-Ferrous
12 February 2021,Street,Kids,12334242346752314,5,A Grade,1000,2.3,2300,Ferrous
12 February 2021,Dhumisani,Durura,1234567890123456,2,Cu Mix,50,80,4000,Non-Ferrous
12 February 2021,Gamu,Makaza,89034903094,7,Cu SB,70,84,5880,Non-Ferrous
20 February 2021,Hilda,Rusere,GN246464,8,Cu SB,20,84,1680,Non-Ferrous
20 February 2021,Hilda,Rusere,GN246464,8,Cu Pyro,8,8,64,Non-Ferrous
24 February 2021,Gamu,Makaza,89034903094,7,Cu Mix,20,80,1600,Non-Ferrous
24 February 2021,Gamu,Makaza,89034903094,7,AI O/R,50,9,450,Non-Ferrous
27 February 2021,Dhumisani,Durura,1234567890123456,2,PVC,30,2,60,Non-Ferrous
27 February 2021,Michael,Masenda,CN329024,10,Cu SB,30,84,2520,Non-Ferrous
27 February 2021,Tanaka,Galuaza,weiho029384702,11,Cu SB,50,84,4200,Non-Ferrous
27 February 2021,Tanaka,Galuaza,weiho029384702,11,A Grade,1000,3.5,3500,Ferrous
27 February 2021,Tanaka,Galuaza,weiho029384702,11,PVC,70,2,140,Non-Ferrous
27 February 2021,Mbongeni,Zondo,9006015725086,2,AI Cast,5,9,45,Non-Ferrous
28 February 2021,Solomon,Zondo,6603156126083,3,Cu Mix,5,80,400,Non-Ferrous
28 February 2021,Solomon,Zondo,6603156126083,3,General,10,2.2,22,Ferrous
28 February 2021,Solomon,Zondo,6603156126083,3,AI Cast,50,9,450,Non-Ferrous
28 February 2021,Jabulani Vusi,Macamo,8911255911083,200,PVC,27,2,54,Non-Ferrous
28 February 2021,Jabulani Vusi,Macamo,8911255911083,200,Sub Grade,124,2.1,260.4,Ferrous
28 February 2021,Jabulani Vusi,Macamo,8911255911083,200,AI O/R,5,9,45,Non-Ferrous
28 February 2021,Jabulani Vusi,Macamo,8911255911083,200,Brass Hvy,45,50,2250,Non-Ferrous
28 February 2021,Chris,Willemse,9507065025087,1,Sub Grade,5,2.1,10.5,Ferrous
28 February 2021,Lizo Nkosoxolo,Diko,8812126820083,10,PVC,1,2,2,Non-Ferrous
28 February 2021,Lizo Nkosoxolo,Diko,8812126820083,10,Cu Rads,8,30,240,Non-Ferrous
28 February 2021,Lizo Nkosoxolo,Diko,8812126820083,10,Brass Hvy,4.5,50,225,Non-Ferrous
28 February 2021,Fanny,Mathebula,8509255809081,6,Sub Grade,5,2.1,10.5,Ferrous
28 February 2021,George,Norris,MA128261,16,A Grade,25,3.5,87.5,Ferrous
28 February 2021,George,Norris,MA128261,16,Brass Hvy,3,50,150,Non-Ferrous
28 February 2021,George,Norris,MA128261,16,Steel Can,8,0.9,7.2,Ferrous
28 February 2021,S,Mngomezulu,07/8202175337082,7,Cu SB,3,84,252,Non-Ferrous
28 February 2021,S,Mngomezulu,07/8202175337082,7,Cu Rads,6,30,180,Non-Ferrous
28 February 2021,Fanny,Mathebula,8509255809081,6,General,6,2.2,13.2,Ferrous
28 February 2021,Fanny,Mathebula,8509255809081,6,Cu 1A,6,82,492,Non-Ferrous
28 February 2021,Fanny,Mathebula,8509255809081,6,Cu Rads,9,30,270,Non-Ferrous
28 February 2021,Fanny,Mathebula,8509255809081,6,AI Ext,9.1,13,118.3,Non-Ferrous
28 February 2021,Chabakwane Donald,Malepe,8612156014080,14,Cu SB,6,84,504,Non-Ferrous
28 February 2021,Chabakwane Donald,Malepe,8612156014080,14,ABS,6,1,6,Non-Ferrous
28 February 2021,Chabakwane Donald,Malepe,8612156014080,14,Cu Pyro,3.5,8,28,Non-Ferrous
28 February 2021,Chabakwane Donald,Malepe,8612156014080,14,Cu SB,50,84,4200,Non-Ferrous
28 February 2021,Chabakwane Donald,Malepe,8612156014080,14,AI Cast,300,9,2700,Non-Ferrous
28 February 2021,Chabakwane Donald,Malepe,8612156014080,14,AI Ext,360,13,4680,Non-Ferrous
