Date,Name,Surname,ID,Number,Item,Quantity,Price,Amount,Type
01 February 2021,,,,,Cu Mix,9,82.1,738.9,Non-Ferrous
01 February 2021,,,,,Cu Mix,6,82.1,492.6,Non-Ferrous
01 February 2021,,,,,Cu Mix,1,82.1,82.1,Non-Ferrous
01 February 2021,,,,,Cu Mix,1,82.1,82.1,Non-Ferrous
01 February 2021,,,,,Cu Mix,1,82.1,82.1,Non-Ferrous
01 February 2021,,,,,Cu Mix,1,82.1,82.1,Non-Ferrous
01 February 2021,,,,,Cu Mix,1,82.1,82.1,Non-Ferrous
01 February 2021,,,,,Cu Mix,1,82.1,82.1,Non-Ferrous
01 February 2021,,,,,Cu Mix,1,82.1,82.1,Non-Ferrous
01 February 2021,,,,,Sub Grade,1,1.2,1.2,Ferrous
01 February 2021,,,,,Cu Mix,4,82.1,328.4,Non-Ferrous
01 February 2021,,,,,Cu Mix,1,82.1,82.1,Non-Ferrous
01 February 2021,,,,,Brzy,4,50.1,200.4,Non-Ferrous
01 February 2021,,,,,Brzy,2,50.1,100.2,Non-Ferrous
01 February 2021,,,,,Mix,3,101,303,Non-Ferrous
01 February 2021,,,,,Cu Mix,6,82.1,492.6,Non-Ferrous
01 February 2021,,,,,Sub Grade,8,1.2,9.6,Ferrous
01 February 2021,,,,,Cu Mix,1,82.1,82.1,Non-Ferrous
01 February 2021,,,,,Cu Mix,2,82.1,164.2,Non-Ferrous
01 February 2021,,,,,Cu Mix,1,82.1,82.1,Non-Ferrous
01 February 2021,,,,,Cu Mix,1,82.1,82.1,Non-Ferrous
01 February 2021,,,,,Cu Mix,1,82.1,82.1,Non-Ferrous
01 February 2021,,,,,Cu Mix,1,82.1,82.1,Non-Ferrous
01 February 2021,,,,,Cu Mix,2,82.1,164.2,Non-Ferrous
01 February 2021,,,,,Cu Mix,1,82.1,82.1,Non-Ferrous
01 February 2021,,,,,Cu Mix,1,82.1,82.1,Non-Ferrous
01 February 2021,,,,,Cu Mix,1,82.1,82.1,Non-Ferrous
01 February 2021,,,,,Cu Mix,1,82.1,82.1,Non-Ferrous
01 February 2021,,,,,General,1,1,1,Ferrous
01 February 2021,,,,,Sub Grade,1,1.2,1.2,Ferrous
01 February 2021,,,,,Cu Mix,2,82.1,164.2,Non-Ferrous
01 February 2021,,,,,Brzy,2,50.1,100.2,Non-Ferrous
01 February 2021,,,,,Cu Mix,2,82.1,164.2,Non-Ferrous
01 February 2021,,,,,Cu Mix,2,82.1,164.2,Non-Ferrous
01 February 2021,,,,,Sub Grade,1,1.2,1.2,Ferrous
01 February 2021,,,,,Brzy,1,50.1,50.1,Non-Ferrous
01 February 2021,,,,,Cu Mix,1,82.1,82.1,Non-Ferrous
01 February 2021,,,,,Mix,1,101,101,Non-Ferrous
01 February 2021,,,,,Sub Grade,1,1.2,1.2,Ferrous
01 February 2021,,,,,Mix,1,101,101,Non-Ferrous
01 February 2021,,,,,Mix,1,101,101,Non-Ferrous
01 February 2021,Dhumisani,Durura,1234567890123456,2,Cu Mix,6,82.1,492.6,Non-Ferrous
01 February 2021,Dhumisani,Durura,1234567890123456,2,Mix,8,101,808,Non-Ferrous
01 February 2021,Dhumisani,Durura,1234567890123456,2,Mix,100,101,10100,Non-Ferrous
01 February 2021,,,,,Cu Mix,4,82.1,328.4,Non-Ferrous
01 February 2021,,,,,Sub Grade,6,1.2,7.2,Ferrous
01 February 2021,,,,,Cu Mix,3,82.1,246.3,Non-Ferrous
01 February 2021,,,,,Cu Mix,6,82.1,492.6,Non-Ferrous
01 February 2021,,,,,Cu Mix,3,82.1,246.3,Non-Ferrous
01 February 2021,,,,,Cu Mix,7,80,560,Non-Ferrous
01 February 2021,,,,,ABS,1,1,1,Non-Ferrous
01 February 2021,Gamu,Makaza,89034903094,7,General,100,2.2,220,Ferrous
01 February 2021,Gamu,Makaza,89034903094,7,UBC,100,9,900,Non-Ferrous
06 February 2021,Gamu,Makaza,89034903094,7,UBC,12,9,108,Non-Ferrous
06 February 2021,Street,Kids,12334242346752314,5,Cu SB,12,84,1008,Non-Ferrous
07 February 2021,Gamu,Makaza,89034903094,7,Steel Can,54,0.9,48.6,Ferrous
07 February 2021,Gamu,Makaza,89034903094,7,Cu Mix,100,80,8000,Non-Ferrous
07 February 2021,Gerad,Mupfumisi,1098765432110923,4,Cu Mix,30,80,2400,Non-Ferrous
07 February 2021,,,,,Cu Mix,12,80,960,Non-Ferrous
07 February 2021,,,,,Cu Mix,100,80,8000,Non-Ferrous
07 February 2021,,,,,Cu Mix,100,80,8000,Non-Ferrous
07 February 2021,,,,,Cu Mix,100,80,8000,Non-Ferrous
07 February 2021,,,,,Cu Mix,100,80,8000,Non-Ferrous
07 February 2021,,,,,Cu Mix,100,80,8000,Non-Ferrous
07 February 2021,,,,,Cu Mix,100,80,8000,Non-Ferrous
07 February 2021,,,,,Cu Mix,12,80,960,Non-Ferrous
07 February 2021,,,,,Cu Mix,300,80,24000,Non-Ferrous
07 February 2021,Gamu,Makaza,89034903094,7,Cu Mix,50,80,4000,Non-Ferrous
07 February 2021,Gamu,Makaza,89034903094,7,Cu Mix,12,80,960,Non-Ferrous
07 February 2021,Gamu,Makaza,89034903094,7,Brass Shv,40,30,1200,Non-Ferrous
12 February 2021,Dhumisani,Durura,1234567890123456,2,ABS,5,1,5,Non-Ferrous
12 February 2021,Dhumisani,Durura,1234567890123456,2,Cu SB,3,84,252,Non-Ferrous
12 February 2021,Street,Kids,12334242346752314,5,A Grade,1000,2.3,2300,Ferrous
12 February 2021,Dhumisani,Durura,1234567890123456,2,Cu Mix,50,80,4000,Non-Ferrous
12 February 2021,Gamu,Makaza,89034903094,7,Cu SB,70,84,5880,Non-Ferrous
20 February 2021,Hilda,Rusere,GN246464,8,Cu SB,20,84,1680,Non-Ferrous
20 February 2021,Hilda,Rusere,GN246464,8,Cu Pyro,8,8,64,Non-Ferrous
24 February 2021,Gamu,Makaza,89034903094,7,Cu Mix,20,80,1600,Non-Ferrous
24 February 2021,Gamu,Makaza,89034903094,7,AI O/R,50,9,450,Non-Ferrous
