Date,Name,Surname,ID,Number,Item,Quantity,Price,Amount,Type
06 January 2021,Dhumisani,Durura,1234567890123456,2,Sub Grade,2,1.2,2.4,Ferrous
06 January 2021,Dhumisani,Durura,1234567890123456,2,Sub Grade,2,1.2,2.4,Ferrous
07 January 2021,Dhumisani,Durura,1234567890123456,2,Sub Grade,2,1.2,2.4,Ferrous
07 January 2021,Dhumisani,Durura,1234567890123456,2,Sub Grade,2,1.2,2.4,Ferrous
07 January 2021,Dhumisani,Durura,1234567890123456,2,Sub Grade,2,1.2,2.4,Ferrous
08 January 2021,Dhumisani,Durura,1234567890123456,2,Sub Grade,2,1.2,2.4,Ferrous
08 January 2021,Gerad,Mupfumisi,1098765432110923,4,Sub Grade,23,1.2,27.6,Ferrous
09 January 2021,Gerad,Mupfumisi,1098765432110923,4,Cu Mix,10,82.1,821,Non-Ferrous
09 January 2021,Gerad,Mupfumisi,1098765432110923,4,Cu Mix,10,82.1,821,Non-Ferrous
09 January 2021,Gerad,Mupfumisi,1098765432110923,4,Cu Mix,10,82.1,821,Non-Ferrous
09 January 2021,Gerad,Mupfumisi,1098765432110923,4,Cu Mix,10,82.1,821,Non-Ferrous
10 January 2021,Gerad,Mupfumisi,1098765432110923,4,Cu Mix,10,82.1,821,Non-Ferrous
10 January 2021,Gerad,Mupfumisi,1098765432110923,4,Cu Mix,10,82.1,821,Non-Ferrous
10 January 2021,Gerad,Mupfumisi,1098765432110923,4,Ali Cast,10,16.5,165,Non-Ferrous
10 January 2021,Dhumisani,Durura,1234567890123456,2,Sub Grade,2,1.2,2.4,Ferrous
11 January 2021,Dhumisani,Durura,1234567890123456,2,Sub Grade,2,1.2,2.4,Ferrous
11 January 2021,Gerad,Mupfumisi,1098765432110923,4,Cu Mix,10,82.1,821,Non-Ferrous
11 January 2021,Gerad,Mupfumisi,1098765432110923,4,Cu Mix,10,82.1,821,Non-Ferrous
12 January 2021,Gerad,Mupfumisi,1098765432110923,4,Cu Mix,10,82.1,821,Non-Ferrous
12 January 2021,Gerad,Mupfumisi,1098765432110923,4,Cu Mix,10,82.1,821,Non-Ferrous
12 January 2021,Gerad,Mupfumisi,1098765432110923,4,Cu Mix,10,82.1,821,Non-Ferrous
12 January 2021,Gerad,Mupfumisi,1098765432110923,4,Cu Mix,10,82.1,821,Non-Ferrous
12 January 2021,Gerad,Mupfumisi,1098765432110923,4,Cu Mix,10,82.1,821,Ferrous
12 January 2021,Gerad,Mupfumisi,1098765432110923,4,Cu Mix,10,82.1,821,Ferrous
07 January 2021,Dhumisani,Durura,1234567890123456,2,General,5,1,5,Ferrous
07 January 2021,Dhumisani,Durura,1234567890123456,2,Cu Mix,2,82.1,164.2,Non-Ferrous
07 January 2021,Dhumisani,Durura,1234567890123456,2,Cu Mix,2,82.1,164.2,Non-Ferrous
13 January 2021,Dhumisani,Durura,1234567890123456,2,Cu Mix,5,82.1,410.5,Non-Ferrous
13 January 2021,Dhumisani,Durura,1234567890123456,2,Cu Mix,5,90,450,Non-Ferrous
25 January 2021,Dhumisani,Durura,1234567890123456,2,Ali Cast,90,16.5,1485,Non-Ferrous
25 January 2021,Street,Kids,12334242346752314,5,Sub Grade,9,1.2,10.8,Ferrous
25 January 2021,Street,Kids,12334242346752314,5,Ali Cast,8,16.5,132,Non-Ferrous
25 January 2021,Street,Kids,12334242346752314,5,Cu Mix,5,90,450,Non-Ferrous
25 January 2021,Gerad,Mupfumisi,1098765432110923,4,Cu Mix,89,90,8010,Non-Ferrous
27 January 2021,Gerad,Mupfumisi,1098765432110923,4,Cu Mix,25,82.1,2052.5,Non-Ferrous
27 January 2021,Gerad,Mupfumisi,1098765432110923,4,Ali Cast,20,16.5,330,Non-Ferrous
27 January 2021,Street,Kids,12334242346752314,5,Brzy,12,50.1,601.2,Non-Ferrous
27 January 2021,Street,Kids,12334242346752314,5,General,100,1,100,Ferrous
29 January 2021,Dhumisani,Durura,1234567890123456,2,Cu Mix,20,100,2000,Non-Ferrous
29 January 2021,Dhumisani,Durura,1234567890123456,2,General,400,98,39200,Ferrous
29 January 2021,Dhumisani,Durura,1234567890123456,2,Sub Grade,23,89,2047,Ferrous
29 January 2021,Dhumisani,Durura,1234567890123456,2,General,67,2,134,Ferrous
31 January 2021,edfgsadf,sadsadfsad,sadfsdfsadf,33,Cu Mix,90,82.1,7389,Non-Ferrous
31 January 2021,Nicholas,Mupfumisi,101212121,101,Mix,22,101,2222,Non-Ferrous
31 January 2021,,,,,Cu Mix,8,82.1,656.8,Non-Ferrous
31 January 2021,,,,,Cu Mix,90,82.1,7389,Non-Ferrous
31 January 2021,,,,,Cu Mix,98,82.1,8045.8,Non-Ferrous
31 January 2021,,,,,Sub Grade,76,1.2,91.2,Ferrous
31 January 2021,Dhumisani,Durura,1234567890123456,2,Cu Mix,2,82.1,164.2,Non-Ferrous
31 January 2021,Dhumisani,Durura,1234567890123456,2,Sub Grade,8,1.2,9.6,Ferrous
31 January 2021,Dhumisani,Durura,1234567890123456,2,Cu Mix,4,82.1,328.4,Non-Ferrous
31 January 2021,,,,,Cu Mix,2,82.1,164.2,Non-Ferrous
31 January 2021,,,,,General,2,1,2,Ferrous
31 January 2021,,,,,Cu Mix,1,82.1,82.1,Non-Ferrous
31 January 2021,,,,,Cu Mix,3,82.1,246.3,Non-Ferrous
31 January 2021,,,,,Cu Mix,5,82.1,410.5,Non-Ferrous
31 January 2021,,,,,Cu Mix,4,82.1,328.4,Non-Ferrous
31 January 2021,,,,,Cu Mix,7,82.1,574.7,Non-Ferrous
