Date,Name,Surname,ID,No.,Item,Quantity,Price,Amount,Type
01 March 2021,,,,,A Grade,5,3.4,17,Ferrous
01 March 2021,,,,,PCB-C,2,40,80,Non-Ferrous
01 March 2021,,,,,Sub G,3.5,3.1,10.85,Ferrous
01 March 2021,,,,,PCB-L,2,5,10,Non-Ferrous
01 March 2021,,,,,O/R,0.5,12,6,Non-Ferrous
01 March 2021,,,,,Cu Mix,0.5,106,53,Non-Ferrous
01 March 2021,Rofhiwa,Magadze,8801026026081,102,Brass-H,0.3,62,18.6,Non-Ferrous
01 March 2021,Rofhiwa,Magadze,8801026026081,102,O/R,0.5,12,6,Non-Ferrous
01 March 2021,Lizo Nkosoxolo,Diko,8812126820083,10,O/R,8.5,12,102,Non-Ferrous
01 March 2021,Lizo Nkosoxolo,Diko,8812126820083,10,Sub G,7.5,3.1,23.25,Ferrous
01 March 2021,Lizo Nkosoxolo,Diko,8812126820083,10,A Grade,3.5,3.4,11.9,Ferrous
01 March 2021,Siyanda,Mbotho,9104176128081,52,Cu Mix,2.2,106,233.2,Non-Ferrous
01 March 2021,Siyanda,Mbotho,9104176128081,52,A Grade,3,3.4,10.2,Ferrous
01 March 2021,Trust,Ncube,CN770736,240,A Grade,79,3.4,268.6,Ferrous
01 March 2021,Trust,Ncube,CN770736,240,UBC,9.5,13,123.5,Non-Ferrous
01 March 2021,Mahlomola Joseph,Mahlomola,RC465292,171,UBC,4.5,13,58.5,Non-Ferrous
01 March 2021,Khobane Mishack,Mamabolo,7212256765086,207,PVC,8,2,16,Non-Ferrous
01 March 2021,Khobane Mishack,Mamabolo,7212256765086,207,Cu SB,0.5,110,55,Non-Ferrous
01 March 2021,Khobane Mishack,Mamabolo,7212256765086,207,Cu Mix,0.1,106,10.6,Non-Ferrous
01 March 2021,Khobane Mishack,Mamabolo,7212256765086,207,A Grade,10.5,3.4,35.7,Ferrous
01 March 2021,morgan,ndlovu,fn120817,397,General,61,3.2,195.2,Ferrous
01 March 2021,Solomon,Zondo,6603156126083,3,Cu 1A,0.3,108,32.4,Non-Ferrous
01 March 2021,Ngoako Victor,Motapola,9004256216089,144,Cu Brz,0.4,87,34.8,Non-Ferrous
01 March 2021,Ngoako Victor,Motapola,9004256216089,144,Lead Mxd,1.5,17,25.5,Non-Ferrous
01 March 2021,Styveous,Mthebule,8704295788086,4,Btry,2,8,16,Non-Ferrous
01 March 2021,Styveous,Mthebule,8704295788086,4,Cu Mix,0.2,106,21.2,Non-Ferrous
01 March 2021,Styveous,Mthebule,8704295788086,4,O/R,5.2,12,62.4,Non-Ferrous
01 March 2021,Styveous,Mthebule,8704295788086,4,A Grade,91.7,3.4,311.78,Ferrous
01 March 2021,Styveous,Mthebule,8704295788086,4,Sub G,20.2,3.1,62.62,Ferrous
01 March 2021,sinenhlanla,masikane,920215516085,398,A Grade,237,3.4,805.8,Ferrous
01 March 2021,Nyeleti Saufina,Hlaisi,7606050337085,244,Steel Can,9,1.2,10.8,Ferrous
01 March 2021,Nyeleti Saufina,Hlaisi,7606050337085,244,A Grade,3,3.4,10.2,Ferrous
01 March 2021,Nyeleti Saufina,Hlaisi,7606050337085,244,UBC,2,13,26,Non-Ferrous
01 March 2021,Nyeleti Saufina,Hlaisi,7606050337085,244,O/R,0.5,12,6,Non-Ferrous
01 March 2021,Nyeleti Saufina,Hlaisi,7606050337085,244,Brass-H,0.6,62,37.2,Non-Ferrous
01 March 2021,k,nyoni,01/402502kc70004,394,A Grade,14.5,3.4,49.3,Ferrous
01 March 2021,k,nyoni,01/402502kc70004,394,Brass-H,4,62,248,Non-Ferrous
01 March 2021,k,nyoni,01/402502kc70004,394,Unclean,9,5,45,Non-Ferrous
01 March 2021,k,nyoni,01/402502kc70004,394,Sub G,2.5,3.1,7.75,Ferrous
01 March 2021,k,nyoni,01/402502kc70004,394,SS Elem,0.7,5,3.5,Non-Ferrous
01 March 2021,k,nyoni,01/402502kc70004,394,Cu Mix,0.3,106,31.8,Non-Ferrous
01 March 2021,k,nyoni,01/402502kc70004,394,O/R,0.5,12,6,Non-Ferrous
01 March 2021,k,nyoni,01/402502kc70004,394,A Grade,4.5,3.4,15.3,Ferrous
01 March 2021,k,nyoni,01/402502kc70004,394,O/R,0.2,12,2.4,Non-Ferrous
01 March 2021,Given Mushe,Mavunda,8003095410086,198,O/R,1,12,12,Non-Ferrous
01 March 2021,Given Mushe,Mavunda,8003095410086,198,Sub G,0.5,3.1,1.55,Ferrous
01 March 2021,Dias Jonge,Ganhane,603045288188,173,Cu Mix,1.5,106,159,Non-Ferrous
01 March 2021,Mkhwishane,Shezi,5405265529087,182,Brass-H,1,62,62,Non-Ferrous
01 March 2021,Makgabo Jani,Shokwane,7610075885086,178,Cu Mix,1.5,106,159,Non-Ferrous
01 March 2021,Makgabo Jani,Shokwane,7610075885086,178,O/R,4,12,48,Non-Ferrous
01 March 2021,Makgabo Jani,Shokwane,7610075885086,178,UBC,1.5,13,19.5,Non-Ferrous
01 March 2021,eddy shine,masina,7302085688086,395,Brass-H,0.3,62,18.6,Non-Ferrous
01 March 2021,eddy shine,masina,7302085688086,395,A Grade,7.5,3.4,25.5,Ferrous
01 March 2021,eddy shine,masina,7302085688086,395,PCB-C,1,40,40,Non-Ferrous
01 March 2021,eddy shine,masina,7302085688086,395,Sub G,3.5,3.1,10.85,Ferrous
01 March 2021,Rofhiwa,Magadze,8801026026081,102,Cu Brz,0.4,87,34.8,Non-Ferrous
01 March 2021,Rofhiwa,Magadze,8801026026081,102,A Grade,28.5,3.4,96.9,Ferrous
01 March 2021,Rofhiwa,Magadze,8801026026081,102,O/R,3,12,36,Non-Ferrous
01 March 2021,Thembile,Njomboni,9305256307087,317,A Grade,4,3.4,13.6,Ferrous
01 March 2021,Thembile,Njomboni,9305256307087,317,Cu Brz,0.5,87,43.5,Non-Ferrous
01 March 2021,Thembile,Njomboni,9305256307087,317,O/R,1,12,12,Non-Ferrous
01 March 2021,Thembile,Njomboni,9305256307087,317,O/R,3,12,36,Non-Ferrous
01 March 2021,Nkosikhona,Daga,8710096043084,356,PVC,43.5,2,87,Non-Ferrous
01 March 2021,Nyeleti Saufina,Hlaisi,7606050337085,244,Sub G,160,3.1,496,Ferrous
01 March 2021,Nyeleti Saufina,Hlaisi,7606050337085,244,A Grade,7,3.4,23.8,Ferrous
01 March 2021,Nyeleti Saufina,Hlaisi,7606050337085,244,A Grade,4.5,3.4,15.3,Ferrous
01 March 2021,Nyeleti Saufina,Hlaisi,7606050337085,244,Cu Brz,0.3,87,26.1,Non-Ferrous
01 March 2021,Nyeleti Saufina,Hlaisi,7606050337085,244,UBC,0.5,13,6.5,Non-Ferrous
01 March 2021,Nyeleti Saufina,Hlaisi,7606050337085,244,Sub G,1,3.1,3.1,Ferrous
01 March 2021,Nyeleti Saufina,Hlaisi,7606050337085,244,Brass-H,0.4,62,24.8,Non-Ferrous
01 March 2021,Nyeleti Saufina,Hlaisi,7606050337085,244,Steel Can,3.5,1.2,4.2,Ferrous
01 March 2021,Nyeleti Saufina,Hlaisi,7606050337085,244,O/R,0.5,12,6,Non-Ferrous
01 March 2021,Nyeleti Saufina,Hlaisi,7606050337085,244,SS 304,0.5,14,7,Non-Ferrous
01 March 2021,Nyeleti Saufina,Hlaisi,7606050337085,244,Brass-H,0.1,62,6.2,Non-Ferrous
01 March 2021,Nyeleti Saufina,Hlaisi,7606050337085,244,Cu SB,0.1,110,11,Non-Ferrous
01 March 2021,Rofhiwa,Magadze,8801026026081,102,A Grade,11,3.4,37.4,Ferrous
01 March 2021,Rofhiwa,Magadze,8801026026081,102,Brass-H,2.5,62,155,Non-Ferrous
01 March 2021,Rofhiwa,Magadze,8801026026081,102,Cu Mix,1.7,106,180.2,Non-Ferrous
01 March 2021,Vincent Mokhele,Nthotso,6502015312084,78,A Grade,11,3.4,37.4,Ferrous
01 March 2021,Vincent Mokhele,Nthotso,6502015312084,78,UBC,0.5,13,6.5,Non-Ferrous
01 March 2021,Vincent Mokhele,Nthotso,6502015312084,78,Sub G,9,3.1,27.9,Ferrous
01 March 2021,Vincent Mokhele,Nthotso,6502015312084,78,O/R,1.5,12,18,Non-Ferrous
01 March 2021,Vincent Mokhele,Nthotso,6502015312084,78,Cu Brz,0.5,87,43.5,Non-Ferrous
01 March 2021,Vincent Mokhele,Nthotso,6502015312084,78,Sub G,6,3.1,18.6,Ferrous
01 March 2021,Vincent Mokhele,Nthotso,6502015312084,78,A Grade,1.5,3.4,5.1,Ferrous
01 March 2021,Vincent Mokhele,Nthotso,6502015312084,78,O/R,0.2,12,2.4,Non-Ferrous
01 March 2021,Vincent Mokhele,Nthotso,6502015312084,78,Cu Mix,0.2,106,21.2,Non-Ferrous
01 March 2021,Vincent Mokhele,Nthotso,6502015312084,78,Brass-H,0.1,62,6.2,Non-Ferrous
